Workbook

Sheet Exception Registry
A1: NexusGuard Policy Exception Registry
A2: One row per exception (PRC-GRC-001). Blue cells are inputs. Days to expiry, Status and Review flag are calculated from today's date. Close an exception by entering the closure date. An exception past expiry and not closed shows as EXPIRED and is a policy violation until closed or renewed.
A4: Exception ID | B4: Date logged | C4: Requestor | D4: Department | E4: Policy and clause | F4: Description | G4: Inherent risk (score) | H4: Residual risk (score) | I4: Risk level | J4: Approver | K4: Decision | L4: Start date | M4: Expiry date | N4: Days to expiry | O4: Status (calculated) | P4: Next review date | Q4: Closure date | R4: Closure owner | S4: Evidence and notes | T4: Review flag
A5: EXC-2026-001 | B5: 46312 | C5: Development Team Lead, NexusHealth Pro | D5: Product Teams (NexusHealth Pro) | E5: Access Control Policy POL-ACC-001, clause 5.4.7 (MFA for admin accounts) | F5: Admin accounts on legacy test environment without MFA while it is upgraded | G5: 12 | H5: 6 | I5: High | J5: CISO | K5: Approved with conditions | L5: 46314 | M5: 46404 | N5: =IF(OR(M5="",Q5<>""),"",M5-TODAY()) -> 92 | O5: =IF(A5="","",IF(K5="Denied","Denied",IF(Q5<>"","Closed",IF(L5="","Requested",IF(L5>TODAY(),"Approved, not started",IF(M5<TODAY(),"EXPIRED",IF(M5-TODAY()<=30,"Expiring (30 days or less)","Active"))))))) -> Approved, not started | P5: 46328 | R5: Engineering Manager, NexusHealth Pro | S5: MFA gateway, isolation, vaulted credentials; no live PHI. Closes when MFA is enforced on all admin accounts. | T5: =IF(AND(P5<>"",Q5="",K5<>"Denied",P5<TODAY()),"Review overdue","")
A6: EXC-2026-002 | B6: 46312 | C6: IT Lead, Cairo office | D6: Cairo office | E6: Data residency requirement, POL-DCH-001 clause 5.8 | F6: Cairo traffic routed through European servers. Internal and Confidential data only; PHI and card data blocked. | G6: 12 | H6: 6 | I6: High | J6: CISO | K6: Approved with conditions | L6: 46315 | M6: 46405 | N6: =IF(OR(M6="",Q6<>""),"",M6-TODAY()) -> 93 | O6: =IF(A6="","",IF(K6="Denied","Denied",IF(Q6<>"","Closed",IF(L6="","Requested",IF(L6>TODAY(),"Approved, not started",IF(M6<TODAY(),"EXPIRED",IF(M6-TODAY()<=30,"Expiring (30 days or less)","Active"))))))) -> Approved, not started | P6: 46330 | R6: IT Lead, Cairo office | S6: Encrypted tunnel ending in the UAE; Legal and DPO contract check. Closes when UAE-routed connectivity is verified. | T6: =IF(AND(P6<>"",Q6="",K6<>"Denied",P6<TODAY()),"Review overdue","")
A7: EXC-2026-003 | B7: 46312 | C7: Finance Team Lead | D7: Finance | E7: Vulnerability scanning policy (quarterly), ISP clause 5.9.2 | F7: No scans during the 60-day year-end freeze; full scans before and within 10 business days after | G7: 9 | H7: 6 | I7: Medium | J7: Finance Manager (CISO informed) | K7: Approved with conditions | L7: 46357 | M7: 46416 | N7: =IF(OR(M7="",Q7<>""),"",M7-TODAY()) -> 104 | O7: =IF(A7="","",IF(K7="Denied","Denied",IF(Q7<>"","Closed",IF(L7="","Requested",IF(L7>TODAY(),"Approved, not started",IF(M7<TODAY(),"EXPIRED",IF(M7-TODAY()<=30,"Expiring (30 days or less)","Active"))))))) -> Approved, not started | P7: 46371 | R7: Finance Manager | S7: Pre-freeze scan 16-27 Nov; non-intrusive monitoring; post-freeze scan by 12/02/2027. Confirm Finance systems are outside PCI DSS scope. | T7: =IF(AND(P7<>"",Q7="",K7<>"Denied",P7<TODAY()),"Review overdue","")
N8: =IF(OR(M8="",Q8<>""),"",M8-TODAY()) | O8: =IF(A8="","",IF(K8="Denied","Denied",IF(Q8<>"","Closed",IF(L8="","Requested",IF(L8>TODAY(),"Approved, not started",IF(M8<TODAY(),"EXPIRED",IF(M8-TODAY()<=30,"Expiring (30 days or less)","Active"))))))) | T8: =IF(AND(P8<>"",Q8="",K8<>"Denied",P8<TODAY()),"Review overdue","")
N9: =IF(OR(M9="",Q9<>""),"",M9-TODAY()) | O9: =IF(A9="","",IF(K9="Denied","Denied",IF(Q9<>"","Closed",IF(L9="","Requested",IF(L9>TODAY(),"Approved, not started",IF(M9<TODAY(),"EXPIRED",IF(M9-TODAY()<=30,"Expiring (30 days or less)","Active"))))))) | T9: =IF(AND(P9<>"",Q9="",K9<>"Denied",P9<TODAY()),"Review overdue","")
N10: =IF(OR(M10="",Q10<>""),"",M10-TODAY()) | O10: =IF(A10="","",IF(K10="Denied","Denied",IF(Q10<>"","Closed",IF(L10="","Requested",IF(L10>TODAY(),"Approved, not started",IF(M10<TODAY(),"EXPIRED",IF(M10-TODAY()<=30,"Expiring (30 days or less)","Active"))))))) | T10: =IF(AND(P10<>"",Q10="",K10<>"Denied",P10<TODAY()),"Review overdue","")
N11: =IF(OR(M11="",Q11<>""),"",M11-TODAY()) | O11: =IF(A11="","",IF(K11="Denied","Denied",IF(Q11<>"","Closed",IF(L11="","Requested",IF(L11>TODAY(),"Approved, not started",IF(M11<TODAY(),"EXPIRED",IF(M11-TODAY()<=30,"Expiring (30 days or less)","Active"))))))) | T11: =IF(AND(P11<>"",Q11="",K11<>"Denied",P11<TODAY()),"Review overdue","")
N12: =IF(OR(M12="",Q12<>""),"",M12-TODAY()) | O12: =IF(A12="","",IF(K12="Denied","Denied",IF(Q12<>"","Closed",IF(L12="","Requested",IF(L12>TODAY(),"Approved, not started",IF(M12<TODAY(),"EXPIRED",IF(M12-TODAY()<=30,"Expiring (30 days or less)","Active"))))))) | T12: =IF(AND(P12<>"",Q12="",K12<>"Denied",P12<TODAY()),"Review overdue","")
N13: =IF(OR(M13="",Q13<>""),"",M13-TODAY()) | O13: =IF(A13="","",IF(K13="Denied","Denied",IF(Q13<>"","Closed",IF(L13="","Requested",IF(L13>TODAY(),"Approved, not started",IF(M13<TODAY(),"EXPIRED",IF(M13-TODAY()<=30,"Expiring (30 days or less)","Active"))))))) | T13: =IF(AND(P13<>"",Q13="",K13<>"Denied",P13<TODAY()),"Review overdue","")
N14: =IF(OR(M14="",Q14<>""),"",M14-TODAY()) | O14: =IF(A14="","",IF(K14="Denied","Denied",IF(Q14<>"","Closed",IF(L14="","Requested",IF(L14>TODAY(),"Approved, not started",IF(M14<TODAY(),"EXPIRED",IF(M14-TODAY()<=30,"Expiring (30 days or less)","Active"))))))) | T14: =IF(AND(P14<>"",Q14="",K14<>"Denied",P14<TODAY()),"Review overdue","")
N15: =IF(OR(M15="",Q15<>""),"",M15-TODAY()) | O15: =IF(A15="","",IF(K15="Denied","Denied",IF(Q15<>"","Closed",IF(L15="","Requested",IF(L15>TODAY(),"Approved, not started",IF(M15<TODAY(),"EXPIRED",IF(M15-TODAY()<=30,"Expiring (30 days or less)","Active"))))))) | T15: =IF(AND(P15<>"",Q15="",K15<>"Denied",P15<TODAY()),"Review overdue","")
N16: =IF(OR(M16="",Q16<>""),"",M16-TODAY()) | O16: =IF(A16="","",IF(K16="Denied","Denied",IF(Q16<>"","Closed",IF(L16="","Requested",IF(L16>TODAY(),"Approved, not started",IF(M16<TODAY(),"EXPIRED",IF(M16-TODAY()<=30,"Expiring (30 days or less)","Active"))))))) | T16: =IF(AND(P16<>"",Q16="",K16<>"Denied",P16<TODAY()),"Review overdue","")
N17: =IF(OR(M17="",Q17<>""),"",M17-TODAY()) | O17: =IF(A17="","",IF(K17="Denied","Denied",IF(Q17<>"","Closed",IF(L17="","Requested",IF(L17>TODAY(),"Approved, not started",IF(M17<TODAY(),"EXPIRED",IF(M17-TODAY()<=30,"Expiring (30 days or less)","Active"))))))) | T17: =IF(AND(P17<>"",Q17="",K17<>"Denied",P17<TODAY()),"Review overdue","")
N18: =IF(OR(M18="",Q18<>""),"",M18-TODAY()) | O18: =IF(A18="","",IF(K18="Denied","Denied",IF(Q18<>"","Closed",IF(L18="","Requested",IF(L18>TODAY(),"Approved, not started",IF(M18<TODAY(),"EXPIRED",IF(M18-TODAY()<=30,"Expiring (30 days or less)","Active"))))))) | T18: =IF(AND(P18<>"",Q18="",K18<>"Denied",P18<TODAY()),"Review overdue","")
N19: =IF(OR(M19="",Q19<>""),"",M19-TODAY()) | O19: =IF(A19="","",IF(K19="Denied","Denied",IF(Q19<>"","Closed",IF(L19="","Requested",IF(L19>TODAY(),"Approved, not started",IF(M19<TODAY(),"EXPIRED",IF(M19-TODAY()<=30,"Expiring (30 days or less)","Active"))))))) | T19: =IF(AND(P19<>"",Q19="",K19<>"Denied",P19<TODAY()),"Review overdue","")
... N200: =IF(OR(M200="",Q200<>""),"",M200-TODAY()) | O200: =IF(A200="","",IF(K200="Denied","Denied",IF(Q200<>"","Closed",IF(L200="","Requested",IF(L200>TODAY(),"Approved, not started",IF(M200<TODAY(),"EXPIRED",IF(M200-TODAY()<=30,"Expiring (30 days or less)","Active"))))))) | T200: =IF(AND(P200<>"",Q200="",K200<>"Denied",P200<TODAY()),"Review overdue","")

Sheet Summary and Guide
A1: Registry summary
A3: Status | B3: Count
A4: Active | B4: =COUNTIF('Exception Registry'!$O$5:$O$200,A4) -> 0
A5: Expiring (30 days or less) | B5: =COUNTIF('Exception Registry'!$O$5:$O$200,A5) -> 0
A6: EXPIRED | B6: =COUNTIF('Exception Registry'!$O$5:$O$200,A6) -> 0
A7: Approved, not started | B7: =COUNTIF('Exception Registry'!$O$5:$O$200,A7) -> 3
A8: Closed | B8: =COUNTIF('Exception Registry'!$O$5:$O$200,A8) -> 0
A9: Denied | B9: =COUNTIF('Exception Registry'!$O$5:$O$200,A9) -> 0
A10: Total logged | B10: =COUNTA('Exception Registry'!$A$5:$A$200) -> 3
A11: Reviews overdue | B11: =COUNTIF('Exception Registry'!$T$5:$T$200,"Review overdue") -> 0
A13: By risk level
A14: Level | B14: Open (not closed or denied)
A15: Low | B15: =COUNTIFS('Exception Registry'!$I$5:$I$200,A15,'Exception Registry'!$Q$5:$Q$200,"",'Exception Registry'!$K$5:$K$200,"<>Denied") -> 0
A16: Medium | B16: =COUNTIFS('Exception Registry'!$I$5:$I$200,A16,'Exception Registry'!$Q$5:$Q$200,"",'Exception Registry'!$K$5:$K$200,"<>Denied") -> 1
A17: High | B17: =COUNTIFS('Exception Registry'!$I$5:$I$200,A17,'Exception Registry'!$Q$5:$Q$200,"",'Exception Registry'!$K$5:$K$200,"<>Denied") -> 2
A18: Critical | B18: =COUNTIFS('Exception Registry'!$I$5:$I$200,A18,'Exception Registry'!$Q$5:$Q$200,"",'Exception Registry'!$K$5:$K$200,"<>Denied") -> 0
A19: Guide
A20: Maximum durations: Low 12 months; Medium 6 months; High 90 days; Critical 30 days. Renewal limits are in Table 3 of PRC-GRC-001.
A21: Review schedule: Low every 6 months; Medium every 3 months; High every 30 days; Critical weekly. Set the Next review date accordingly.
A22: Status is calculated. Enter a Closure date to close an exception, or set Decision to Denied.
A23: Risk level is set from the residual score (Low 1-4, Medium 5-9, High 10-16, Critical 17-25), raised to at least High where an escalation trigger applies.
A24: Report to the ISSC and Risk Committee quarterly. Keep registry records for six years.
A25: The first three rows are the worked examples from the process document. The dates are illustrative scenario data.
