Workbook

Sheet KPI Dashboard
A1: NexusGuard GRC KPI Dashboard
A2: Baseline: October 2026. Current and previous values come from the Data Entry sheet. RAG and trend are calculated by formula from the thresholds shown.
A3: Baseline values marked E on the Data Entry sheet are estimates to be validated in the first measurement cycle. Illustrative scenario data for portfolio use.
C5: Domain | D5: Green | E5: Amber | F5: Red | G5: No data | H5: Total
C6: Governance | D6: =COUNTIFS($B$14:$B$39,$C6,$K$14:$K$39,"Green") -> 1 | E6: =COUNTIFS($B$14:$B$39,$C6,$K$14:$K$39,"Amber") -> 0 | F6: =COUNTIFS($B$14:$B$39,$C6,$K$14:$K$39,"Red") -> 4 | G6: =COUNTIFS($B$14:$B$39,$C6,$K$14:$K$39,"No data") -> 1 | H6: =SUM(D6:G6) -> 6
C7: Risk | D7: =COUNTIFS($B$14:$B$39,$C7,$K$14:$K$39,"Green") -> 0 | E7: =COUNTIFS($B$14:$B$39,$C7,$K$14:$K$39,"Amber") -> 0 | F7: =COUNTIFS($B$14:$B$39,$C7,$K$14:$K$39,"Red") -> 7 | G7: =COUNTIFS($B$14:$B$39,$C7,$K$14:$K$39,"No data") -> 0 | H7: =SUM(D7:G7) -> 7
C8: Compliance | D8: =COUNTIFS($B$14:$B$39,$C8,$K$14:$K$39,"Green") -> 0 | E8: =COUNTIFS($B$14:$B$39,$C8,$K$14:$K$39,"Amber") -> 2 | F8: =COUNTIFS($B$14:$B$39,$C8,$K$14:$K$39,"Red") -> 4 | G8: =COUNTIFS($B$14:$B$39,$C8,$K$14:$K$39,"No data") -> 0 | H8: =SUM(D8:G8) -> 6
C9: Operational | D9: =COUNTIFS($B$14:$B$39,$C9,$K$14:$K$39,"Green") -> 0 | E9: =COUNTIFS($B$14:$B$39,$C9,$K$14:$K$39,"Amber") -> 2 | F9: =COUNTIFS($B$14:$B$39,$C9,$K$14:$K$39,"Red") -> 5 | G9: =COUNTIFS($B$14:$B$39,$C9,$K$14:$K$39,"No data") -> 0 | H9: =SUM(D9:G9) -> 7
C10: Total | D10: =SUM(D6:D9) -> 1 | E10: =SUM(E6:E9) -> 4 | F10: =SUM(F6:F9) -> 20 | G10: =SUM(G6:G9) -> 1 | H10: =SUM(H6:H9) -> 26
C11: Metrics reporting a value (%) | D11: =IF(H10=0,0,(H10-G10)/H10) -> 0.96153846
A13: ID | B13: Domain | C13: Metric | D13: Type | E13: Unit | F13: Better | G13: Baseline | H13: Previous | I13: Current | J13: Trend | K13: RAG | L13: 12-month target | M13: Green at | N13: Amber at | O13: Owner | P13: Frequency
A14: G-01 | B14: Governance | C14: Policies reviewed on schedule | D14: KPI | E14: % | F14: Higher | G14: =IF('Data Entry'!C5="","",'Data Entry'!C5) -> 0 | H14: =IF(COUNT('Data Entry'!$C$5:$O$5)<2,"",INDEX('Data Entry'!$C$5:$O$5,COUNT('Data Entry'!$C$5:$O$5)-1)) | I14: =IF(COUNT('Data Entry'!$C$5:$O$5)=0,"",INDEX('Data Entry'!$C$5:$O$5,COUNT('Data Entry'!$C$5:$O$5))) -> 0 | J14: =IF(COUNT('Data Entry'!$C$5:$O$5)=0,"No data",IF(COUNT('Data Entry'!$C$5:$O$5)=1,"Baseline",IF(I14=H14,"► Flat",IF((I14>H14)=(F14="Higher"),"▲ Improving","▼ Worsening")))) -> Baseline | K14: =IF(I14="","No data",IF(F14="Higher",IF(I14>=M14,"Green",IF(I14>=N14,"Amber","Red")),IF(I14<=M14,"Green",IF(I14<=N14,"Amber","Red")))) -> Red | L14: 1 | M14: 0.95 | N14: 0.85 | O14: Head of Compliance (Michael Chen) | P14: Quarterly
A15: G-02 | B15: Governance | C15: Required Tier-1 policy set approved and in date | D15: KPI | E15: % | F15: Higher | G15: =IF('Data Entry'!C6="","",'Data Entry'!C6) -> 0 | H15: =IF(COUNT('Data Entry'!$C$6:$O$6)<2,"",INDEX('Data Entry'!$C$6:$O$6,COUNT('Data Entry'!$C$6:$O$6)-1)) | I15: =IF(COUNT('Data Entry'!$C$6:$O$6)=0,"",INDEX('Data Entry'!$C$6:$O$6,COUNT('Data Entry'!$C$6:$O$6))) -> 0 | J15: =IF(COUNT('Data Entry'!$C$6:$O$6)=0,"No data",IF(COUNT('Data Entry'!$C$6:$O$6)=1,"Baseline",IF(I15=H15,"► Flat",IF((I15>H15)=(F15="Higher"),"▲ Improving","▼ Worsening")))) -> Baseline | K15: =IF(I15="","No data",IF(F15="Higher",IF(I15>=M15,"Green",IF(I15>=N15,"Amber","Red")),IF(I15<=M15,"Green",IF(I15<=N15,"Amber","Red")))) -> Red | L15: 1 | M15: 1 | N15: 0.75 | O15: CISO | P15: Quarterly
A16: G-03 | B16: Governance | C16: Committee attendance (voting members) | D16: KPI | E16: % | F16: Higher | G16: =IF('Data Entry'!C7="","",'Data Entry'!C7) | H16: =IF(COUNT('Data Entry'!$C$7:$O$7)<2,"",INDEX('Data Entry'!$C$7:$O$7,COUNT('Data Entry'!$C$7:$O$7)-1)) | I16: =IF(COUNT('Data Entry'!$C$7:$O$7)=0,"",INDEX('Data Entry'!$C$7:$O$7,COUNT('Data Entry'!$C$7:$O$7))) | J16: =IF(COUNT('Data Entry'!$C$7:$O$7)=0,"No data",IF(COUNT('Data Entry'!$C$7:$O$7)=1,"Baseline",IF(I16=H16,"► Flat",IF((I16>H16)=(F16="Higher"),"▲ Improving","▼ Worsening")))) -> No data | K16: =IF(I16="","No data",IF(F16="Higher",IF(I16>=M16,"Green",IF(I16>=N16,"Amber","Red")),IF(I16<=M16,"Green",IF(I16<=N16,"Amber","Red")))) -> No data | L16: 0.9 | M16: 0.85 | N16: 0.75 | O16: Committee Secretary (GRC Analyst), for the Chairs | P16: Quarterly
A17: G-04 | B17: Governance | C17: Exception requests decided within 10 business days | D17: KPI | E17: % | F17: Higher | G17: =IF('Data Entry'!C8="","",'Data Entry'!C8) -> 1 | H17: =IF(COUNT('Data Entry'!$C$8:$O$8)<2,"",INDEX('Data Entry'!$C$8:$O$8,COUNT('Data Entry'!$C$8:$O$8)-1)) | I17: =IF(COUNT('Data Entry'!$C$8:$O$8)=0,"",INDEX('Data Entry'!$C$8:$O$8,COUNT('Data Entry'!$C$8:$O$8))) -> 1 | J17: =IF(COUNT('Data Entry'!$C$8:$O$8)=0,"No data",IF(COUNT('Data Entry'!$C$8:$O$8)=1,"Baseline",IF(I17=H17,"► Flat",IF((I17>H17)=(F17="Higher"),"▲ Improving","▼ Worsening")))) -> Baseline | K17: =IF(I17="","No data",IF(F17="Higher",IF(I17>=M17,"Green",IF(I17>=N17,"Amber","Red")),IF(I17<=M17,"Green",IF(I17<=N17,"Amber","Red")))) -> Green | L17: 0.95 | M17: 0.95 | N17: 0.85 | O17: CISO | P17: Monthly
A18: G-05 | B18: Governance | C18: Staff with a signed Acceptable Use Policy acknowledgment | D18: KPI | E18: % | F18: Higher | G18: =IF('Data Entry'!C9="","",'Data Entry'!C9) -> 0 | H18: =IF(COUNT('Data Entry'!$C$9:$O$9)<2,"",INDEX('Data Entry'!$C$9:$O$9,COUNT('Data Entry'!$C$9:$O$9)-1)) | I18: =IF(COUNT('Data Entry'!$C$9:$O$9)=0,"",INDEX('Data Entry'!$C$9:$O$9,COUNT('Data Entry'!$C$9:$O$9))) -> 0 | J18: =IF(COUNT('Data Entry'!$C$9:$O$9)=0,"No data",IF(COUNT('Data Entry'!$C$9:$O$9)=1,"Baseline",IF(I18=H18,"► Flat",IF((I18>H18)=(F18="Higher"),"▲ Improving","▼ Worsening")))) -> Baseline | K18: =IF(I18="","No data",IF(F18="Higher",IF(I18>=M18,"Green",IF(I18>=N18,"Amber","Red")),IF(I18<=M18,"Green",IF(I18<=N18,"Amber","Red")))) -> Red | L18: 1 | M18: 0.98 | N18: 0.9 | O18: HR Director (Aisha Patel) | P18: Monthly
A19: G-06 | B19: Governance | C19: Information assets recorded with owner and classification | D19: KPI | E19: % | F19: Higher | G19: =IF('Data Entry'!C10="","",'Data Entry'!C10) -> 0.58 | H19: =IF(COUNT('Data Entry'!$C$10:$O$10)<2,"",INDEX('Data Entry'!$C$10:$O$10,COUNT('Data Entry'!$C$10:$O$10)-1)) | I19: =IF(COUNT('Data Entry'!$C$10:$O$10)=0,"",INDEX('Data Entry'!$C$10:$O$10,COUNT('Data Entry'!$C$10:$O$10))) -> 0.58 | J19: =IF(COUNT('Data Entry'!$C$10:$O$10)=0,"No data",IF(COUNT('Data Entry'!$C$10:$O$10)=1,"Baseline",IF(I19=H19,"► Flat",IF((I19>H19)=(F19="Higher"),"▲ Improving","▼ Worsening")))) -> Baseline | K19: =IF(I19="","No data",IF(F19="Higher",IF(I19>=M19,"Green",IF(I19>=N19,"Amber","Red")),IF(I19<=M19,"Green",IF(I19<=N19,"Amber","Red")))) -> Red | L19: 0.95 | M19: 0.95 | N19: 0.8 | O19: CISO, with the Head of IT | P19: Quarterly
A20: R-01 | B20: Risk | C20: Critical risks open | D20: KRI | E20: Count | F20: Lower | G20: =IF('Data Entry'!C11="","",'Data Entry'!C11) -> 3 | H20: =IF(COUNT('Data Entry'!$C$11:$O$11)<2,"",INDEX('Data Entry'!$C$11:$O$11,COUNT('Data Entry'!$C$11:$O$11)-1)) | I20: =IF(COUNT('Data Entry'!$C$11:$O$11)=0,"",INDEX('Data Entry'!$C$11:$O$11,COUNT('Data Entry'!$C$11:$O$11))) -> 3 | J20: =IF(COUNT('Data Entry'!$C$11:$O$11)=0,"No data",IF(COUNT('Data Entry'!$C$11:$O$11)=1,"Baseline",IF(I20=H20,"► Flat",IF((I20>H20)=(F20="Higher"),"▲ Improving","▼ Worsening")))) -> Baseline | K20: =IF(I20="","No data",IF(F20="Higher",IF(I20>=M20,"Green",IF(I20>=N20,"Amber","Red")),IF(I20<=M20,"Green",IF(I20<=N20,"Amber","Red")))) -> Red | L20: 0 | M20: 0 | N20: 2 | O20: CISO (Risk Committee Chair accountable) | P20: Monthly
A21: R-02 | B21: Risk | C21: High and Critical risks with an approved treatment plan | D21: KPI | E21: % | F21: Higher | G21: =IF('Data Entry'!C12="","",'Data Entry'!C12) -> 0 | H21: =IF(COUNT('Data Entry'!$C$12:$O$12)<2,"",INDEX('Data Entry'!$C$12:$O$12,COUNT('Data Entry'!$C$12:$O$12)-1)) | I21: =IF(COUNT('Data Entry'!$C$12:$O$12)=0,"",INDEX('Data Entry'!$C$12:$O$12,COUNT('Data Entry'!$C$12:$O$12))) -> 0 | J21: =IF(COUNT('Data Entry'!$C$12:$O$12)=0,"No data",IF(COUNT('Data Entry'!$C$12:$O$12)=1,"Baseline",IF(I21=H21,"► Flat",IF((I21>H21)=(F21="Higher"),"▲ Improving","▼ Worsening")))) -> Baseline | K21: =IF(I21="","No data",IF(F21="Higher",IF(I21>=M21,"Green",IF(I21>=N21,"Amber","Red")),IF(I21<=M21,"Green",IF(I21<=N21,"Amber","Red")))) -> Red | L21: 1 | M21: 1 | N21: 0.85 | O21: CISO | P21: Monthly
A22: R-03 | B22: Risk | C22: Mean time to treat High risks | D22: KPI | E22: Days | F22: Lower | G22: =IF('Data Entry'!C13="","",'Data Entry'!C13) -> 90 | H22: =IF(COUNT('Data Entry'!$C$13:$O$13)<2,"",INDEX('Data Entry'!$C$13:$O$13,COUNT('Data Entry'!$C$13:$O$13)-1)) | I22: =IF(COUNT('Data Entry'!$C$13:$O$13)=0,"",INDEX('Data Entry'!$C$13:$O$13,COUNT('Data Entry'!$C$13:$O$13))) -> 90 | J22: =IF(COUNT('Data Entry'!$C$13:$O$13)=0,"No data",IF(COUNT('Data Entry'!$C$13:$O$13)=1,"Baseline",IF(I22=H22,"► Flat",IF((I22>H22)=(F22="Higher"),"▲ Improving","▼ Worsening")))) -> Baseline | K22: =IF(I22="","No data",IF(F22="Higher",IF(I22>=M22,"Green",IF(I22>=N22,"Amber","Red")),IF(I22<=M22,"Green",IF(I22<=N22,"Amber","Red")))) -> Red | L22: 30 | M22: 30 | N22: 60 | O22: CISO | P22: Quarterly
A23: R-04 | B23: Risk | C23: High and Critical risks reviewed in the last 90 days | D23: KPI | E23: % | F23: Higher | G23: =IF('Data Entry'!C14="","",'Data Entry'!C14) -> 0 | H23: =IF(COUNT('Data Entry'!$C$14:$O$14)<2,"",INDEX('Data Entry'!$C$14:$O$14,COUNT('Data Entry'!$C$14:$O$14)-1)) | I23: =IF(COUNT('Data Entry'!$C$14:$O$14)=0,"",INDEX('Data Entry'!$C$14:$O$14,COUNT('Data Entry'!$C$14:$O$14))) -> 0 | J23: =IF(COUNT('Data Entry'!$C$14:$O$14)=0,"No data",IF(COUNT('Data Entry'!$C$14:$O$14)=1,"Baseline",IF(I23=H23,"► Flat",IF((I23>H23)=(F23="Higher"),"▲ Improving","▼ Worsening")))) -> Baseline | K23: =IF(I23="","No data",IF(F23="Higher",IF(I23>=M23,"Green",IF(I23>=N23,"Amber","Red")),IF(I23<=M23,"Green",IF(I23<=N23,"Amber","Red")))) -> Red | L23: 1 | M23: 0.95 | N23: 0.8 | O23: CISO | P23: Quarterly
A24: R-05 | B24: Risk | C24: Privileged accounts without current business justification | D24: KRI | E24: Count | F24: Lower | G24: =IF('Data Entry'!C15="","",'Data Entry'!C15) -> 42 | H24: =IF(COUNT('Data Entry'!$C$15:$O$15)<2,"",INDEX('Data Entry'!$C$15:$O$15,COUNT('Data Entry'!$C$15:$O$15)-1)) | I24: =IF(COUNT('Data Entry'!$C$15:$O$15)=0,"",INDEX('Data Entry'!$C$15:$O$15,COUNT('Data Entry'!$C$15:$O$15))) -> 42 | J24: =IF(COUNT('Data Entry'!$C$15:$O$15)=0,"No data",IF(COUNT('Data Entry'!$C$15:$O$15)=1,"Baseline",IF(I24=H24,"► Flat",IF((I24>H24)=(F24="Higher"),"▲ Improving","▼ Worsening")))) -> Baseline | K24: =IF(I24="","No data",IF(F24="Higher",IF(I24>=M24,"Green",IF(I24>=N24,"Amber","Red")),IF(I24<=M24,"Green",IF(I24<=N24,"Amber","Red")))) -> Red | L24: 0 | M24: 0 | N24: 5 | O24: Head of IT | P24: Monthly
A25: R-06 | B25: Risk | C25: Critical suppliers with a current security assessment | D25: KPI | E25: % | F25: Higher | G25: =IF('Data Entry'!C16="","",'Data Entry'!C16) -> 0 | H25: =IF(COUNT('Data Entry'!$C$16:$O$16)<2,"",INDEX('Data Entry'!$C$16:$O$16,COUNT('Data Entry'!$C$16:$O$16)-1)) | I25: =IF(COUNT('Data Entry'!$C$16:$O$16)=0,"",INDEX('Data Entry'!$C$16:$O$16,COUNT('Data Entry'!$C$16:$O$16))) -> 0 | J25: =IF(COUNT('Data Entry'!$C$16:$O$16)=0,"No data",IF(COUNT('Data Entry'!$C$16:$O$16)=1,"Baseline",IF(I25=H25,"► Flat",IF((I25>H25)=(F25="Higher"),"▲ Improving","▼ Worsening")))) -> Baseline | K25: =IF(I25="","No data",IF(F25="Higher",IF(I25>=M25,"Green",IF(I25>=N25,"Amber","Red")),IF(I25<=M25,"Green",IF(I25<=N25,"Amber","Red")))) -> Red | L25: 1 | M25: 0.95 | N25: 0.8 | O25: CISO, with the Procurement Lead | P25: Quarterly
A26: R-07 | B26: Risk | C26: Confirmed breaches of PHI, card or special category data | D26: KRI | E26: Count | F26: Lower | G26: =IF('Data Entry'!C17="","",'Data Entry'!C17) -> 1 | H26: =IF(COUNT('Data Entry'!$C$17:$O$17)<2,"",INDEX('Data Entry'!$C$17:$O$17,COUNT('Data Entry'!$C$17:$O$17)-1)) | I26: =IF(COUNT('Data Entry'!$C$17:$O$17)=0,"",INDEX('Data Entry'!$C$17:$O$17,COUNT('Data Entry'!$C$17:$O$17))) -> 1 | J26: =IF(COUNT('Data Entry'!$C$17:$O$17)=0,"No data",IF(COUNT('Data Entry'!$C$17:$O$17)=1,"Baseline",IF(I26=H26,"► Flat",IF((I26>H26)=(F26="Higher"),"▲ Improving","▼ Worsening")))) -> Baseline | K26: =IF(I26="","No data",IF(F26="Higher",IF(I26>=M26,"Green",IF(I26>=N26,"Amber","Red")),IF(I26<=M26,"Green",IF(I26<=N26,"Amber","Red")))) -> Red | L26: 0 | M26: 0 | N26: 0 | O26: CISO | P26: Monthly
A27: C-01 | B27: Compliance | C27: ISO 27001 Annex A controls implemented and evidenced | D27: KPI | E27: % | F27: Higher | G27: =IF('Data Entry'!C18="","",'Data Entry'!C18) -> 0.78 | H27: =IF(COUNT('Data Entry'!$C$18:$O$18)<2,"",INDEX('Data Entry'!$C$18:$O$18,COUNT('Data Entry'!$C$18:$O$18)-1)) | I27: =IF(COUNT('Data Entry'!$C$18:$O$18)=0,"",INDEX('Data Entry'!$C$18:$O$18,COUNT('Data Entry'!$C$18:$O$18))) -> 0.78 | J27: =IF(COUNT('Data Entry'!$C$18:$O$18)=0,"No data",IF(COUNT('Data Entry'!$C$18:$O$18)=1,"Baseline",IF(I27=H27,"► Flat",IF((I27>H27)=(F27="Higher"),"▲ Improving","▼ Worsening")))) -> Baseline | K27: =IF(I27="","No data",IF(F27="Higher",IF(I27>=M27,"Green",IF(I27>=N27,"Amber","Red")),IF(I27<=M27,"Green",IF(I27<=N27,"Amber","Red")))) -> Amber | L27: 0.95 | M27: 0.9 | N27: 0.75 | O27: Head of Compliance (Michael Chen) | P27: Quarterly
A28: C-02 | B28: Compliance | C28: Audit and assessment finding closure rate | D28: KPI | E28: % | F28: Higher | G28: =IF('Data Entry'!C19="","",'Data Entry'!C19) -> 0.25 | H28: =IF(COUNT('Data Entry'!$C$19:$O$19)<2,"",INDEX('Data Entry'!$C$19:$O$19,COUNT('Data Entry'!$C$19:$O$19)-1)) | I28: =IF(COUNT('Data Entry'!$C$19:$O$19)=0,"",INDEX('Data Entry'!$C$19:$O$19,COUNT('Data Entry'!$C$19:$O$19))) -> 0.25 | J28: =IF(COUNT('Data Entry'!$C$19:$O$19)=0,"No data",IF(COUNT('Data Entry'!$C$19:$O$19)=1,"Baseline",IF(I28=H28,"► Flat",IF((I28>H28)=(F28="Higher"),"▲ Improving","▼ Worsening")))) -> Baseline | K28: =IF(I28="","No data",IF(F28="Higher",IF(I28>=M28,"Green",IF(I28>=N28,"Amber","Red")),IF(I28<=M28,"Green",IF(I28<=N28,"Amber","Red")))) -> Red | L28: 0.9 | M28: 0.9 | N28: 0.75 | O28: Head of Compliance (Michael Chen) | P28: Monthly
A29: C-03 | B29: Compliance | C29: Security awareness training completion | D29: KPI | E29: % | F29: Higher | G29: =IF('Data Entry'!C20="","",'Data Entry'!C20) -> 0.92 | H29: =IF(COUNT('Data Entry'!$C$20:$O$20)<2,"",INDEX('Data Entry'!$C$20:$O$20,COUNT('Data Entry'!$C$20:$O$20)-1)) | I29: =IF(COUNT('Data Entry'!$C$20:$O$20)=0,"",INDEX('Data Entry'!$C$20:$O$20,COUNT('Data Entry'!$C$20:$O$20))) -> 0.92 | J29: =IF(COUNT('Data Entry'!$C$20:$O$20)=0,"No data",IF(COUNT('Data Entry'!$C$20:$O$20)=1,"Baseline",IF(I29=H29,"► Flat",IF((I29>H29)=(F29="Higher"),"▲ Improving","▼ Worsening")))) -> Baseline | K29: =IF(I29="","No data",IF(F29="Higher",IF(I29>=M29,"Green",IF(I29>=N29,"Amber","Red")),IF(I29<=M29,"Green",IF(I29<=N29,"Amber","Red")))) -> Amber | L29: 0.98 | M29: 0.98 | N29: 0.9 | O29: HR Director (Aisha Patel) | P29: Monthly
A30: C-04 | B30: Compliance | C30: HIPAA Security Rule specifications implemented | D30: KPI | E30: % | F30: Higher | G30: =IF('Data Entry'!C21="","",'Data Entry'!C21) -> 0.6 | H30: =IF(COUNT('Data Entry'!$C$21:$O$21)<2,"",INDEX('Data Entry'!$C$21:$O$21,COUNT('Data Entry'!$C$21:$O$21)-1)) | I30: =IF(COUNT('Data Entry'!$C$21:$O$21)=0,"",INDEX('Data Entry'!$C$21:$O$21,COUNT('Data Entry'!$C$21:$O$21))) -> 0.6 | J30: =IF(COUNT('Data Entry'!$C$21:$O$21)=0,"No data",IF(COUNT('Data Entry'!$C$21:$O$21)=1,"Baseline",IF(I30=H30,"► Flat",IF((I30>H30)=(F30="Higher"),"▲ Improving","▼ Worsening")))) -> Baseline | K30: =IF(I30="","No data",IF(F30="Higher",IF(I30>=M30,"Green",IF(I30>=N30,"Amber","Red")),IF(I30<=M30,"Green",IF(I30<=N30,"Amber","Red")))) -> Red | L30: 1 | M30: 0.95 | N30: 0.85 | O30: CISO | P30: Quarterly
A31: C-05 | B31: Compliance | C31: PCI DSS v4.0 requirements in place | D31: KPI | E31: % | F31: Higher | G31: =IF('Data Entry'!C22="","",'Data Entry'!C22) -> 0.65 | H31: =IF(COUNT('Data Entry'!$C$22:$O$22)<2,"",INDEX('Data Entry'!$C$22:$O$22,COUNT('Data Entry'!$C$22:$O$22)-1)) | I31: =IF(COUNT('Data Entry'!$C$22:$O$22)=0,"",INDEX('Data Entry'!$C$22:$O$22,COUNT('Data Entry'!$C$22:$O$22))) -> 0.65 | J31: =IF(COUNT('Data Entry'!$C$22:$O$22)=0,"No data",IF(COUNT('Data Entry'!$C$22:$O$22)=1,"Baseline",IF(I31=H31,"► Flat",IF((I31>H31)=(F31="Higher"),"▲ Improving","▼ Worsening")))) -> Baseline | K31: =IF(I31="","No data",IF(F31="Higher",IF(I31>=M31,"Green",IF(I31>=N31,"Amber","Red")),IF(I31<=M31,"Green",IF(I31<=N31,"Amber","Red")))) -> Red | L31: 1 | M31: 0.98 | N31: 0.9 | O31: CISO | P31: Quarterly
A32: C-06 | B32: Compliance | C32: Compliance obligations with a named owner and evidence | D32: KPI | E32: % | F32: Higher | G32: =IF('Data Entry'!C23="","",'Data Entry'!C23) -> 0 | H32: =IF(COUNT('Data Entry'!$C$23:$O$23)<2,"",INDEX('Data Entry'!$C$23:$O$23,COUNT('Data Entry'!$C$23:$O$23)-1)) | I32: =IF(COUNT('Data Entry'!$C$23:$O$23)=0,"",INDEX('Data Entry'!$C$23:$O$23,COUNT('Data Entry'!$C$23:$O$23))) -> 0 | J32: =IF(COUNT('Data Entry'!$C$23:$O$23)=0,"No data",IF(COUNT('Data Entry'!$C$23:$O$23)=1,"Baseline",IF(I32=H32,"► Flat",IF((I32>H32)=(F32="Higher"),"▲ Improving","▼ Worsening")))) -> Baseline | K32: =IF(I32="","No data",IF(F32="Higher",IF(I32>=M32,"Green",IF(I32>=N32,"Amber","Red")),IF(I32<=M32,"Green",IF(I32<=N32,"Amber","Red")))) -> Red | L32: 1 | M32: 0.95 | N32: 0.8 | O32: Head of Compliance (Michael Chen) | P32: Quarterly
A33: O-01 | B33: Operational | C33: Mean time to patch Critical vulnerabilities | D33: KPI | E33: Days | F33: Lower | G33: =IF('Data Entry'!C24="","",'Data Entry'!C24) -> 12 | H33: =IF(COUNT('Data Entry'!$C$24:$O$24)<2,"",INDEX('Data Entry'!$C$24:$O$24,COUNT('Data Entry'!$C$24:$O$24)-1)) | I33: =IF(COUNT('Data Entry'!$C$24:$O$24)=0,"",INDEX('Data Entry'!$C$24:$O$24,COUNT('Data Entry'!$C$24:$O$24))) -> 12 | J33: =IF(COUNT('Data Entry'!$C$24:$O$24)=0,"No data",IF(COUNT('Data Entry'!$C$24:$O$24)=1,"Baseline",IF(I33=H33,"► Flat",IF((I33>H33)=(F33="Higher"),"▲ Improving","▼ Worsening")))) -> Baseline | K33: =IF(I33="","No data",IF(F33="Higher",IF(I33>=M33,"Green",IF(I33>=N33,"Amber","Red")),IF(I33<=M33,"Green",IF(I33<=N33,"Amber","Red")))) -> Amber | L33: 7 | M33: 7 | N33: 14 | O33: Head of IT | P33: Monthly
A34: O-02 | B34: Operational | C34: MFA coverage for privileged and remote access | D34: KPI | E34: % | F34: Higher | G34: =IF('Data Entry'!C25="","",'Data Entry'!C25) -> 0.85 | H34: =IF(COUNT('Data Entry'!$C$25:$O$25)<2,"",INDEX('Data Entry'!$C$25:$O$25,COUNT('Data Entry'!$C$25:$O$25)-1)) | I34: =IF(COUNT('Data Entry'!$C$25:$O$25)=0,"",INDEX('Data Entry'!$C$25:$O$25,COUNT('Data Entry'!$C$25:$O$25))) -> 0.85 | J34: =IF(COUNT('Data Entry'!$C$25:$O$25)=0,"No data",IF(COUNT('Data Entry'!$C$25:$O$25)=1,"Baseline",IF(I34=H34,"► Flat",IF((I34>H34)=(F34="Higher"),"▲ Improving","▼ Worsening")))) -> Baseline | K34: =IF(I34="","No data",IF(F34="Higher",IF(I34>=M34,"Green",IF(I34>=N34,"Amber","Red")),IF(I34<=M34,"Green",IF(I34<=N34,"Amber","Red")))) -> Red | L34: 1 | M34: 0.99 | N34: 0.9 | O34: CISO | P34: Monthly
A35: O-03 | B35: Operational | C35: Severity 1 and 2 incidents triaged within target | D35: KPI | E35: % | F35: Higher | G35: =IF('Data Entry'!C26="","",'Data Entry'!C26) -> 0.5 | H35: =IF(COUNT('Data Entry'!$C$26:$O$26)<2,"",INDEX('Data Entry'!$C$26:$O$26,COUNT('Data Entry'!$C$26:$O$26)-1)) | I35: =IF(COUNT('Data Entry'!$C$26:$O$26)=0,"",INDEX('Data Entry'!$C$26:$O$26,COUNT('Data Entry'!$C$26:$O$26))) -> 0.5 | J35: =IF(COUNT('Data Entry'!$C$26:$O$26)=0,"No data",IF(COUNT('Data Entry'!$C$26:$O$26)=1,"Baseline",IF(I35=H35,"► Flat",IF((I35>H35)=(F35="Higher"),"▲ Improving","▼ Worsening")))) -> Baseline | K35: =IF(I35="","No data",IF(F35="Higher",IF(I35>=M35,"Green",IF(I35>=N35,"Amber","Red")),IF(I35<=M35,"Green",IF(I35<=N35,"Amber","Red")))) -> Red | L35: 1 | M35: 0.95 | N35: 0.8 | O35: Security Operations Center Manager | P35: Monthly
A36: O-04 | B36: Operational | C36: Mean time to contain Severity 1 incidents | D36: KPI | E36: Hours | F36: Lower | G36: =IF('Data Entry'!C27="","",'Data Entry'!C27) -> 16 | H36: =IF(COUNT('Data Entry'!$C$27:$O$27)<2,"",INDEX('Data Entry'!$C$27:$O$27,COUNT('Data Entry'!$C$27:$O$27)-1)) | I36: =IF(COUNT('Data Entry'!$C$27:$O$27)=0,"",INDEX('Data Entry'!$C$27:$O$27,COUNT('Data Entry'!$C$27:$O$27))) -> 16 | J36: =IF(COUNT('Data Entry'!$C$27:$O$27)=0,"No data",IF(COUNT('Data Entry'!$C$27:$O$27)=1,"Baseline",IF(I36=H36,"► Flat",IF((I36>H36)=(F36="Higher"),"▲ Improving","▼ Worsening")))) -> Baseline | K36: =IF(I36="","No data",IF(F36="Higher",IF(I36>=M36,"Green",IF(I36>=N36,"Amber","Red")),IF(I36<=M36,"Green",IF(I36<=N36,"Amber","Red")))) -> Red | L36: 4 | M36: 4 | N36: 8 | O36: Security Operations Center Manager | P36: Monthly
A37: O-05 | B37: Operational | C37: Active accounts of former staff | D37: KRI | E37: Count | F37: Lower | G37: =IF('Data Entry'!C28="","",'Data Entry'!C28) -> 8 | H37: =IF(COUNT('Data Entry'!$C$28:$O$28)<2,"",INDEX('Data Entry'!$C$28:$O$28,COUNT('Data Entry'!$C$28:$O$28)-1)) | I37: =IF(COUNT('Data Entry'!$C$28:$O$28)=0,"",INDEX('Data Entry'!$C$28:$O$28,COUNT('Data Entry'!$C$28:$O$28))) -> 8 | J37: =IF(COUNT('Data Entry'!$C$28:$O$28)=0,"No data",IF(COUNT('Data Entry'!$C$28:$O$28)=1,"Baseline",IF(I37=H37,"► Flat",IF((I37>H37)=(F37="Higher"),"▲ Improving","▼ Worsening")))) -> Baseline | K37: =IF(I37="","No data",IF(F37="Higher",IF(I37>=M37,"Green",IF(I37>=N37,"Amber","Red")),IF(I37<=M37,"Green",IF(I37<=N37,"Amber","Red")))) -> Red | L37: 0 | M37: 0 | N37: 2 | O37: Head of IT (IAM) | P37: Monthly
A38: O-06 | B38: Operational | C38: Scheduled access reviews completed on time | D38: KPI | E38: % | F38: Higher | G38: =IF('Data Entry'!C29="","",'Data Entry'!C29) -> 0 | H38: =IF(COUNT('Data Entry'!$C$29:$O$29)<2,"",INDEX('Data Entry'!$C$29:$O$29,COUNT('Data Entry'!$C$29:$O$29)-1)) | I38: =IF(COUNT('Data Entry'!$C$29:$O$29)=0,"",INDEX('Data Entry'!$C$29:$O$29,COUNT('Data Entry'!$C$29:$O$29))) -> 0 | J38: =IF(COUNT('Data Entry'!$C$29:$O$29)=0,"No data",IF(COUNT('Data Entry'!$C$29:$O$29)=1,"Baseline",IF(I38=H38,"► Flat",IF((I38>H38)=(F38="Higher"),"▲ Improving","▼ Worsening")))) -> Baseline | K38: =IF(I38="","No data",IF(F38="Higher",IF(I38>=M38,"Green",IF(I38>=N38,"Amber","Red")),IF(I38<=M38,"Green",IF(I38<=N38,"Amber","Red")))) -> Red | L38: 1 | M38: 0.95 | N38: 0.8 | O38: CISO | P38: Quarterly
A39: O-07 | B39: Operational | C39: Client-facing service availability (rolling 12 months) | D39: KPI | E39: % | F39: Higher | G39: =IF('Data Entry'!C30="","",'Data Entry'!C30) -> 0.996 | H39: =IF(COUNT('Data Entry'!$C$30:$O$30)<2,"",INDEX('Data Entry'!$C$30:$O$30,COUNT('Data Entry'!$C$30:$O$30)-1)) | I39: =IF(COUNT('Data Entry'!$C$30:$O$30)=0,"",INDEX('Data Entry'!$C$30:$O$30,COUNT('Data Entry'!$C$30:$O$30))) -> 0.996 | J39: =IF(COUNT('Data Entry'!$C$30:$O$30)=0,"No data",IF(COUNT('Data Entry'!$C$30:$O$30)=1,"Baseline",IF(I39=H39,"► Flat",IF((I39>H39)=(F39="Higher"),"▲ Improving","▼ Worsening")))) -> Baseline | K39: =IF(I39="","No data",IF(F39="Higher",IF(I39>=M39,"Green",IF(I39>=N39,"Amber","Red")),IF(I39<=M39,"Green",IF(I39<=N39,"Amber","Red")))) -> Amber | L39: 0.999 | M39: 0.999 | N39: 0.995 | O39: Head of IT | P39: Monthly

Sheet Data Entry
A1: Data Entry: monthly metric values
A2: Enter each month's value in the next empty column, filling left to right with no gaps. Blue text is an input. Percentages as 0.95 or 95%; counts, days and hours as numbers. The dashboard reads the last two values entered. Baseline basis: K known from reviews; E estimate to validate in the first cycle; n/a no baseline yet.
A4: ID | B4: Metric | C4: Baseline Oct-26 | D4: Nov-26 | E4: Dec-26 | F4: Jan-27 | G4: Feb-27 | H4: Mar-27 | I4: Apr-27 | J4: May-27 | K4: Jun-27 | L4: Jul-27 | M4: Aug-27 | N4: Sep-27 | O4: Oct-27 | P4: Basis
A5: G-01 | B5: Policies reviewed on schedule | C5: 0 | P5: K
A6: G-02 | B6: Required Tier-1 policy set approved and in date | C6: 0 | P6: K
A7: G-03 | B7: Committee attendance (voting members) | P7: n/a
A8: G-04 | B8: Exception requests decided within 10 business days | C8: 1 | P8: K
A9: G-05 | B9: Staff with a signed Acceptable Use Policy acknowledgment | C9: 0 | P9: K
A10: G-06 | B10: Information assets recorded with owner and classification | C10: 0.58 | P10: E
A11: R-01 | B11: Critical risks open | C11: 3 | P11: E
A12: R-02 | B12: High and Critical risks with an approved treatment plan | C12: 0 | P12: K
A13: R-03 | B13: Mean time to treat High risks | C13: 90 | P13: E
A14: R-04 | B14: High and Critical risks reviewed in the last 90 days | C14: 0 | P14: K
A15: R-05 | B15: Privileged accounts without current business justification | C15: 42 | P15: K
A16: R-06 | B16: Critical suppliers with a current security assessment | C16: 0 | P16: E
A17: R-07 | B17: Confirmed breaches of PHI, card or special category data | C17: 1 | P17: E
A18: C-01 | B18: ISO 27001 Annex A controls implemented and evidenced | C18: 0.78 | P18: E
A19: C-02 | B19: Audit and assessment finding closure rate | C19: 0.25 | P19: K
... A30: O-07 | B30: Client-facing service availability (rolling 12 months) | C30: 0.996 | P30: E

Sheet Metric Definitions
A1: Metric Definitions
A3: ID | B3: Domain | C3: Metric | D3: Type | E3: Definition | F3: Formula | G3: Data source | H3: Frequency | I3: 12-month target | J3: RAG thresholds | K3: Owner | L3: ISP objective | M3: Baseline | N3: Basis | O3: Baseline note
A4: G-01 | B4: Governance | C4: Policies reviewed on schedule | D4: KPI | E4: Share of policies whose review was completed by the due date. Shows whether the policy framework is kept current. | F4: (Policies reviewed by due date / Policies due for review in the period) x 100 | G4: Document register (policy repository) | H4: Quarterly | I4: 100% | J4: Green >= 95%; Amber >= 85%; Red < 85% | K4: Head of Compliance (Michael Chen) | L4: O10 | M4: 0% | N4: Known | O4: The only policy in force, IS Policy v1.0 (January 2021), has never been reviewed.
A5: G-02 | B5: Governance | C5: Required Tier-1 policy set approved and in date | D5: KPI | E5: Share of the eight required Tier-1 policies (Information Security, Acceptable Use, Access Control, Data Classification and Handling, Incident Response, Privacy, Third-Party Security, Business Continuity) that are approved and in date. | F5: (Approved, in-date Tier-1 policies / 8 required) x 100 | G5: Document register | H5: Quarterly | I5: 100% | J5: Green >= 100%; Amber >= 75%; Red < 75% | K5: CISO | L5: O10 | M5: 0% | N5: Known | O5: Four drafts (Information Security v3.0, Acceptable Use, Access Control, Data Classification) await approval. None is yet in force.
A6: G-03 | B6: Governance | C6: Committee attendance (voting members) | D6: KPI | E6: Attendance of voting members at ISSC, Risk Committee and Compliance Committee meetings. Shows whether governance bodies are engaged. | F6: (Voting member attendances / Expected attendances across the three committees) x 100 | G6: Committee minutes and attendance register | H6: Quarterly | I6: 90% | J6: Green >= 85%; Amber >= 75%; Red < 75% | K6: Committee Secretary (GRC Analyst), for the Chairs | L6: O10 | M6: n/a | N6: None | O6: No baseline. The committees now have charters, and the first ISSC meeting is next month.
A7: G-04 | B7: Governance | C7: Exception requests decided within 10 business days | D7: KPI | E7: Speed and discipline of the policy exception process. Also report any exception past its expiry date, which shall be zero. | F7: (Exception requests decided within 10 business days / Requests received in the period) x 100 | G7: Exception register and ITSM | H7: Monthly | I7: 95% | J7: Green >= 95%; Amber >= 85%; Red < 85% | K7: CISO | L7: O10 | M7: 100% | N7: Known | O7: Three USB requests (USB-2026-001 to 003) were all evaluated the same day. The register is informal, so volumes are small.
A8: G-05 | B8: Governance | C8: Staff with a signed Acceptable Use Policy acknowledgment | D8: KPI | E8: Share of employees and contractors who have signed the current Acceptable Use Policy. This is the legal basis for disciplinary action. | F8: (Staff and contractors with a signed current AUP / Total staff and contractors) x 100 | G8: HR system and LMS | H8: Monthly | I8: 100% | J8: Green >= 98%; Amber >= 90%; Red < 90% | K8: HR Director (Aisha Patel) | L8: O7 | M8: 0% | N8: Known | O8: The AUP is not yet issued. The 2019 generic IT agreement does not cover cloud services, personal devices or remote work.
A9: G-06 | B9: Governance | C9: Information assets recorded with owner and classification | D9: KPI | E9: Coverage of the Information Asset Register against the estimated asset population, including PayStream Analytics. | F9: (Assets in the IAR with owner and classification / Estimated total asset population) x 100 | G9: Information Asset Register, discovery scans and CMDB | H9: Quarterly | I9: 95% | J9: Green >= 95%; Amber >= 80%; Red < 80% | K9: CISO, with the Head of IT | L9: O1 | M9: 58% | N9: Estimate | O9: 45 assets are recorded. The population is estimated at 77 or more, because 40+ PayStream assets are expected and 8 are recorded.
A10: R-01 | B10: Risk | C10: Critical risks open | D10: KRI | E10: Number of open risks rated Critical (score 17 to 25 on the 5 x 5 scale). Shows exposure to the most serious risks. | F10: Count of open risks rated Critical in the risk register at period end | G10: Risk register | H10: Monthly | I10: 0 | J10: Green <= 0; Amber <= 2; Red > 2 | K10: CISO (Risk Committee Chair accountable) | L10: O1 | M10: 3 | N10: Estimate | O10: Three known issues are rated Critical: excess privileged access, active accounts of former PayStream staff, and client data sent to a personal account.
A11: R-02 | B11: Risk | C11: High and Critical risks with an approved treatment plan | D11: KPI | E11: Share of open High and Critical risks that have an approved treatment plan with an owner and date. | F11: (High and Critical risks with an approved plan / All open High and Critical risks) x 100 | G11: Risk register | H11: Monthly | I11: 100% | J11: Green >= 100%; Amber >= 85%; Red < 85% | K11: CISO | L11: O10 | M11: 0% | N11: Known | O11: There was no formal risk register or treatment plans. The starting point is the 27 High-risk assets in the IAR.
A12: R-03 | B12: Risk | C12: Mean time to treat High risks | D12: KPI | E12: Average time from a risk being rated High to its treatment being completed or formally accepted. | F12: Average of (treatment completed or accepted date minus date rated High) for High risks closed in the period | G12: Risk register and ITSM | H12: Quarterly | I12: 30 days | J12: Green <= 30 days; Amber <= 60 days; Red > 60 days | K12: CISO | L12: O5 | M12: 90 days | N12: Estimate | O12: Estimated from the PayStream accounts, which stayed active for about three months after the acquisition.
A13: R-04 | B13: Risk | C13: High and Critical risks reviewed in the last 90 days | D13: KPI | E13: Currency of the risk register for the risks that matter most. | F13: (High and Critical risks reviewed within 90 days / All open High and Critical risks) x 100 | G13: Risk register | H13: Quarterly | I13: 100% | J13: Green >= 95%; Amber >= 80%; Red < 80% | K13: CISO | L13: O10 | M13: 0% | N13: Known | O13: There was no register review process before the Risk Committee charter.
A14: R-05 | B14: Risk | C14: Privileged accounts without current business justification | D14: KRI | E14: Privileged accounts that fail recertification because the holder no longer needs the access. | F14: Count of privileged accounts with no current justification at period end, from the privileged access register and quarterly review | G14: IAM and PAM reports; access review records | H14: Monthly | I14: 0 | J14: Green <= 0; Amber <= 5; Red > 5 | K14: Head of IT | L14: O6 | M14: 42 | N14: Known | O14: The internal review found 42 employees with privileged access they no longer need.
... A29: O-07 | B29: Operational | C29: Client-facing service availability (rolling 12 months) | D29: KPI | E29: Availability of client-facing services, including the EHR-related platforms, over the last 12 months. | F29: ((Total service minutes - Unplanned downtime minutes) / Total service minutes) x 100 | G29: Monitoring platform (Datadog) and incident records | H29: Monthly | I29: 99.9% | J29: Green >= 99.9%; Amber >= 99.5%; Red < 99.5% | K29: Head of IT | L29: O2 | M29: 99.6% | N29: Estimate | O29: Estimated from monitoring. It shall be validated against recorded downtime in the first cycle.

Sheet Glide Path
A1: 12-Month Glide Path
A2: Planned targets from the October 2026 baseline. The 12-month column equals the target on the dashboard.
A4: ID | B4: Metric | C4: Baseline (Oct-26) | D4: 3 months (Jan-27) | E4: 6 months (Apr-27) | F4: 12 months (Oct-27)
A5: G-01 | B5: Policies reviewed on schedule | C5: =IF('Data Entry'!C5="","n/a",'Data Entry'!C5) -> 0 | D5: 0.8 | E5: 0.95 | F5: 1
A6: G-02 | B6: Required Tier-1 policy set approved and in date | C6: =IF('Data Entry'!C6="","n/a",'Data Entry'!C6) -> 0 | D6: 0.5 | E6: 0.75 | F6: 1
A7: G-03 | B7: Committee attendance (voting members) | C7: =IF('Data Entry'!C7="","n/a",'Data Entry'!C7) -> n/a | D7: 0.85 | E7: 0.88 | F7: 0.9
A8: G-04 | B8: Exception requests decided within 10 business days | C8: =IF('Data Entry'!C8="","n/a",'Data Entry'!C8) -> 1 | D8: 0.95 | E8: 0.95 | F8: 0.95
A9: G-05 | B9: Staff with a signed Acceptable Use Policy acknowledgment | C9: =IF('Data Entry'!C9="","n/a",'Data Entry'!C9) -> 0 | D9: 0.9 | E9: 0.98 | F9: 1
A10: G-06 | B10: Information assets recorded with owner and classification | C10: =IF('Data Entry'!C10="","n/a",'Data Entry'!C10) -> 0.58 | D10: 0.75 | E10: 0.9 | F10: 0.95
A11: R-01 | B11: Critical risks open | C11: =IF('Data Entry'!C11="","n/a",'Data Entry'!C11) -> 3 | D11: 1 | E11: 0 | F11: 0
A12: R-02 | B12: High and Critical risks with an approved treatment plan | C12: =IF('Data Entry'!C12="","n/a",'Data Entry'!C12) -> 0 | D12: 0.8 | E12: 1 | F12: 1
A13: R-03 | B13: Mean time to treat High risks | C13: =IF('Data Entry'!C13="","n/a",'Data Entry'!C13) -> 90 | D13: 75 | E13: 60 | F13: 30
A14: R-04 | B14: High and Critical risks reviewed in the last 90 days | C14: =IF('Data Entry'!C14="","n/a",'Data Entry'!C14) -> 0 | D14: 0.8 | E14: 0.95 | F14: 1
A15: R-05 | B15: Privileged accounts without current business justification | C15: =IF('Data Entry'!C15="","n/a",'Data Entry'!C15) -> 42 | D15: 5 | E15: 0 | F15: 0
A16: R-06 | B16: Critical suppliers with a current security assessment | C16: =IF('Data Entry'!C16="","n/a",'Data Entry'!C16) -> 0 | D16: 0.4 | E16: 0.75 | F16: 1
... A30: O-07 | B30: Client-facing service availability (rolling 12 months) | C30: =IF('Data Entry'!C30="","n/a",'Data Entry'!C30) -> 0.996 | D30: 0.997 | E30: 0.998 | F30: 0.999

Sheet About
A1: About this workbook
A3: Purpose: answers the CEO's question "How will we know if our security program is actually working?" with 26 metrics across Governance, Risk, Compliance and Operations.
A4: Sheets: KPI Dashboard (summary, RAG, trend); Data Entry (monthly inputs); Metric Definitions (formula, source, owner, thresholds); Glide Path (3, 6 and 12-month targets).
A5: RAG rule: where higher is better, Green if the value is at or above the Green threshold, Amber if at or above the Amber threshold, otherwise Red. Where lower is better the tests are reversed. No data is shown until a value is entered.
A6: Trend: compares the latest value with the one before it and takes direction into account, so a falling count of open risks shows as Improving. The first reading shows Baseline.
A7: Update routine: IAM, SOC, Compliance and HR owners supply values by the 5th business day of each month. The GRC Analyst enters them, checks them against source reports, and issues the Monthly ISSC Report 3 business days before the ISSC meeting.
A8: Baseline basis: K = known from the internal review, audits or documents; E = estimate from CTO spreadsheets or professional judgment, to be validated in the first cycle; none = no baseline yet.
A9: Data note: NexusGuard, PayStream Analytics and all figures are fictional and created for portfolio use. Estimated baselines are illustrative.
