Workbook

Sheet RACI Matrix
B2: NexusGuard RACI Matrix
B3: GRC Analyst Workshop — Responsibility Assignment Template
B4: # | C4: Activity / Task | D4: CISO | E4: IT Security Manager | F4: GRC Analyst | G4: Risk Manager | H4: Compliance Officer | I4: IT Operations Manager | J4: Internal Auditor | K4: Data Protection Officer | L4: Business Unit Lead | M4: System Administrator | N4: A count | O4: R count | P4: Check
B5: 1 | C5: Define information security strategy and objectives | D5: A | E5: C | F5: R | G5: C | H5: C | I5: C | J5: I | K5: C | L5: C | M5: I | N5: =COUNTIF(D5:M5,"A") -> 1 | O5: =COUNTIF(D5:M5,"R") -> 1 | P5: =IF(AND(N5=1,O5>=1,COUNTBLANK(D5:M5)=0),"OK","CHECK") -> OK
B6: 2 | C6: Approve information security policies | D6: A | E6: C | F6: R | G6: C | H6: C | I6: C | J6: I | K6: C | L6: C | M6: I | N6: =COUNTIF(D6:M6,"A") -> 1 | O6: =COUNTIF(D6:M6,"R") -> 1 | P6: =IF(AND(N6=1,O6>=1,COUNTBLANK(D6:M6)=0),"OK","CHECK") -> OK
B7: 3 | C7: Establish security governance framework | D7: A | E7: C | F7: R | G7: C | H7: R | I7: I | J7: C | K7: C | L7: C | M7: I | N7: =COUNTIF(D7:M7,"A") -> 1 | O7: =COUNTIF(D7:M7,"R") -> 2 | P7: =IF(AND(N7=1,O7>=1,COUNTBLANK(D7:M7)=0),"OK","CHECK") -> OK
B8: 4 | C8: Allocate security budget and resources | D8: A | E8: R | F8: C | G8: C | H8: I | I8: C | J8: I | K8: I | L8: C | M8: I | N8: =COUNTIF(D8:M8,"A") -> 1 | O8: =COUNTIF(D8:M8,"R") -> 1 | P8: =IF(AND(N8=1,O8>=1,COUNTBLANK(D8:M8)=0),"OK","CHECK") -> OK
B9: 5 | C9: Align security program with business objectives | D9: A | E9: C | F9: R | G9: C | H9: C | I9: C | J9: I | K9: C | L9: R | M9: I | N9: =COUNTIF(D9:M9,"A") -> 1 | O9: =COUNTIF(D9:M9,"R") -> 2 | P9: =IF(AND(N9=1,O9>=1,COUNTBLANK(D9:M9)=0),"OK","CHECK") -> OK
B10: 6 | C10: Conduct enterprise risk assessment | D10: A | E10: C | F10: R | G10: R | H10: C | I10: C | J10: I | K10: C | L10: I | M10: I | N10: =COUNTIF(D10:M10,"A") -> 1 | O10: =COUNTIF(D10:M10,"R") -> 2 | P10: =IF(AND(N10=1,O10>=1,COUNTBLANK(D10:M10)=0),"OK","CHECK") -> OK
B11: 7 | C11: Maintain risk register | D11: C | E11: C | F11: R | G11: A | H11: C | I11: C | J11: I | K11: C | L11: C | M11: I | N11: =COUNTIF(D11:M11,"A") -> 1 | O11: =COUNTIF(D11:M11,"R") -> 1 | P11: =IF(AND(N11=1,O11>=1,COUNTBLANK(D11:M11)=0),"OK","CHECK") -> OK
B12: 8 | C12: Evaluate and prioritize risk treatment options | D12: A | E12: R | F12: C | G12: R | H12: C | I12: C | J12: I | K12: C | L12: C | M12: I | N12: =COUNTIF(D12:M12,"A") -> 1 | O12: =COUNTIF(D12:M12,"R") -> 2 | P12: =IF(AND(N12=1,O12>=1,COUNTBLANK(D12:M12)=0),"OK","CHECK") -> OK
B13: 9 | C13: Develop risk mitigation plans | D13: A | E13: R | F13: C | G13: C | H13: C | I13: R | J13: I | K13: C | L13: C | M13: I | N13: =COUNTIF(D13:M13,"A") -> 1 | O13: =COUNTIF(D13:M13,"R") -> 2 | P13: =IF(AND(N13=1,O13>=1,COUNTBLANK(D13:M13)=0),"OK","CHECK") -> OK
B14: 10 | C14: Report risk status to senior management | D14: A | E14: C | F14: C | G14: R | H14: C | I14: I | J14: I | K14: C | L14: I | M14: I | N14: =COUNTIF(D14:M14,"A") -> 1 | O14: =COUNTIF(D14:M14,"R") -> 1 | P14: =IF(AND(N14=1,O14>=1,COUNTBLANK(D14:M14)=0),"OK","CHECK") -> OK
B15: 11 | C15: Monitor regulatory changes and updates | D15: I | E15: I | F15: R | G15: C | H15: A | I15: I | J15: I | K15: C | L15: I | M15: I | N15: =COUNTIF(D15:M15,"A") -> 1 | O15: =COUNTIF(D15:M15,"R") -> 1 | P15: =IF(AND(N15=1,O15>=1,COUNTBLANK(D15:M15)=0),"OK","CHECK") -> OK
B16: 12 | C16: Conduct compliance gap analysis | D16: C | E16: C | F16: R | G16: C | H16: A | I16: C | J16: I | K16: C | L16: C | M16: I | N16: =COUNTIF(D16:M16,"A") -> 1 | O16: =COUNTIF(D16:M16,"R") -> 1 | P16: =IF(AND(N16=1,O16>=1,COUNTBLANK(D16:M16)=0),"OK","CHECK") -> OK
... B46: 42 | C46: Maintain vendor risk register | D46: I | E46: C | F46: R | G46: A | H46: C | I46: I | J46: I | K46: C | L46: C | M46: I | N46: =COUNTIF(D46:M46,"A") -> 1 | O46: =COUNTIF(D46:M46,"R") -> 1 | P46: =IF(AND(N46=1,O46>=1,COUNTBLANK(D46:M46)=0),"OK","CHECK") -> OK
M48: Rows OK: | N48: =COUNTIF(P5:P46,"OK")&" of 42" -> 42 of 42

Sheet Legend & Instructions
B2: RACI Legend & Instructions
B4: RACI Definitions
B5: RACI is a responsibility assignment matrix used to clarify roles and responsibilities in cross-functional activities. Each activity must have exactly one 'A' and at least one 'R'.
B7: Code | C7: Role | D7: Description | E7: Color Code | F7: Key Questions | G7: Example
B8: R | C8: Responsible | D8: The person(s) who perform the work to complete the task. There must be at least one R per activity. | E8: Green (#C6EFCE) | F8: Who does the work? | G8: GRC Analyst conducts the risk assessment
B9: A | C9: Accountable | D9: The single person ultimately answerable for the activity. Only one A per activity — the buck stops here. | E9: Blue (#BDD7EE) | F9: Who owns the outcome? Who approves? | G9: CISO approves the final risk register
B10: C | C10: Consulted | D10: People whose opinions are sought before a decision or action is taken. Two-way communication. | E10: Yellow (#FFEB9C) | F10: Who must be asked for input? | G10: Legal team consulted on policy changes
B11: I | C11: Informed | D11: People kept up-to-date on progress or decisions after the fact. One-way communication. | E11: Orange (#F4B084) | F11: Who needs to be notified? | G11: Business Unit Lead notified of new policy
B13: Color-Coding Guide
B14: RACI Value | C14: Fill Color | D14: Font Color | E14: Hex Fill | F14: Hex Font | G14: Usage
B15: R — Responsible | C15: Green | D15: Dark Green | E15: #C6EFCE | F15: #006100 | G15: Applied to cells where R is entered in the matrix
B16: A — Accountable | C16: Blue | D16: Dark Blue | E16: #BDD7EE | F16: #1F4E79 | G16: Applied to cells where A is entered in the matrix
B17: C — Consulted | C17: Yellow | D17: Dark Amber | E17: #FFEB9C | F17: #9C5700 | G17: Applied to cells where C is entered in the matrix
B18: I — Informed | C18: Orange | D18: Dark Orange | E18: #F4B084 | F18: #843C0C | G18: Applied to cells where I is entered in the matrix
B20: Instructions for Students
B21: 1. Review the pre-filled examples (rows 6, 12, 22, 30, 37) to understand the expected RACI assignment pattern.
B22: 2. For each activity in the 'RACI Matrix' tab, determine the appropriate RACI assignment for each of the 10 roles.
B23: 3. Use the dropdown list (R, A, C, I) in each cell of the matrix to enter your assignments.
B24: 4. Remember: Each activity should have exactly ONE 'A' (Accountable) and at least ONE 'R' (Responsible).
B25: 5. After completing all 42 activities, verify your matrix using the Validation Checklist below.
B26: 6. Consider cross-functional dependencies — who needs to be consulted or informed for each activity?
B27: 7. Save your completed file and submit it to the course portal before the workshop deadline.
B29: Validation Checklist
B30: # | C30: Validation Rule | D30: How to Check
B31: 1 | C31: Every activity has at least one 'R' (Responsible) | D31: Scan each row — there should be at least one green 'R' cell per row
B32: 2 | C32: Every activity has exactly one 'A' (Accountable) | D32: Count the blue 'A' cells per row — must be exactly 1 for every activity
B33: 3 | C33: No cell is left blank in a completed row | D33: Ensure all 10 role columns have a RACI value for each of the 42 activities
B34: 4 | C34: CISO is 'A' for strategic governance activities (rows 1-5) | D34: Check rows 1 through 5 — the CISO column should show 'A' (blue)
B35: 5 | C35: GRC Analyst is 'R' for assessment and analysis tasks | D35: Verify the GRC Analyst column has 'R' for risk, compliance, and audit activities
B36: 6 | C36: Data Protection Officer is 'A' for privacy activities (rows 37-40) | D36: Check DPIA and data protection rows — DPO column should show 'A' (blue)
B37: 7 | C37: Color formatting is applied correctly throughout | D37: R=Green, A=Blue, C=Yellow, I=Orange — all cells should match this scheme

Sheet Activity Categories
B2: Activity Categories Reference
B4: This sheet lists all 42 activities organized by category for quick reference.
B6: Category | C6: Activity #s | D6: Count | E6: Focus Area
B7: Governance & Strategy | C7: 1, 2, 3, 4, 5 | D7: 5 | E7: Strategic alignment, policy approval, governance structure
B8: Risk Management | C8: 6, 7, 8, 9, 10 | D8: 5 | E8: Risk identification, assessment, mitigation, and reporting
B9: Compliance & Regulatory | C9: 11, 12, 13, 14, 15 | D9: 5 | E9: Regulatory compliance, gap analysis, metrics tracking
B10: Policy & Awareness | C10: 16, 17, 18, 19, 20 | D10: 5 | E10: Policy lifecycle, training programs, awareness campaigns
B11: Incident Management | C11: 21, 22, 23, 24, 25 | D11: 5 | E11: Detection, response, escalation, and post-incident review
B12: Security Operations | C12: 26, 27, 28, 29, 30 | D12: 5 | E12: Vulnerability management, penetration testing, access control, SIEM
B13: Audit & Assurance | C13: 31, 32, 33, 34, 35 | D13: 5 | E13: Internal audit planning, testing, findings, and remediation
B14: Data Protection & Privacy | C14: 36, 37, 38, 39 | D14: 4 | E14: DPIA, data classification, DSARs, cross-border transfers
B15: Vendor & Third-Party Risk | C15: 40, 41, 42 | D15: 3 | E15: Vendor assessment, compliance verification, risk register
B16: TOTAL | D16: 42

Sheet Gap & Overlap Analysis
B2: Gap and Overlap Analysis
B3: Counts are formulas over the RACI Matrix sheet. They show who carries the workload, and where responsibility is thin or concentrated.
B5: Role | C5: Accountable (A) | D5: Responsible (R) | E5: Consulted (C) | F5: Informed (I) | G5: Total assignments | H5: Reading
B6: CISO | C6: =COUNTIF('RACI Matrix'!D5:D46,"A") -> 20 | D6: =COUNTIF('RACI Matrix'!D5:D46,"R") -> 1 | E6: =COUNTIF('RACI Matrix'!D5:D46,"C") -> 11 | F6: =COUNTIF('RACI Matrix'!D5:D46,"I") -> 10 | G6: =SUM(C6:F6) -> 42 | H6: Accountable for strategy, policy, risk treatment, incidents and training. Heavy accountability load, so day-to-day items are delegated (rows 7, 12, 23, 26).
B7: IT Security Manager | C7: =COUNTIF('RACI Matrix'!E5:E46,"A") -> 5 | D7: =COUNTIF('RACI Matrix'!E5:E46,"R") -> 14 | E7: =COUNTIF('RACI Matrix'!E5:E46,"C") -> 18 | F7: =COUNTIF('RACI Matrix'!E5:E46,"I") -> 5 | G7: =SUM(C7:F7) -> 42 | H7: The main operational owner of security tooling and triage. Accountable where speed matters.
B8: GRC Analyst | C8: =COUNTIF('RACI Matrix'!F5:F46,"A") -> 0 | D8: =COUNTIF('RACI Matrix'!F5:F46,"R") -> 27 | E8: =COUNTIF('RACI Matrix'!F5:F46,"C") -> 12 | F8: =COUNTIF('RACI Matrix'!F5:F46,"I") -> 3 | G8: =SUM(C8:F8) -> 42 | H8: The main doer for analysis, documentation and coordination. Highest R count, so a capacity risk to watch.
B9: Risk Manager | C9: =COUNTIF('RACI Matrix'!G5:G46,"A") -> 2 | D9: =COUNTIF('RACI Matrix'!G5:G46,"R") -> 3 | E9: =COUNTIF('RACI Matrix'!G5:G46,"C") -> 20 | F9: =COUNTIF('RACI Matrix'!G5:G46,"I") -> 17 | G9: =SUM(C9:F9) -> 42 | H9: Accountable only for the risk register and vendor risk register. Consulted widely on treatment.
B10: Compliance Officer | C10: =COUNTIF('RACI Matrix'!H5:H46,"A") -> 7 | D10: =COUNTIF('RACI Matrix'!H5:H46,"R") -> 2 | E10: =COUNTIF('RACI Matrix'!H5:H46,"C") -> 26 | F10: =COUNTIF('RACI Matrix'!H5:H46,"I") -> 7 | G10: =SUM(C10:F10) -> 42 | H10: Accountable for regulatory monitoring, gap analysis, documentation, audit requests and certifications.
B11: IT Operations Manager | C11: =COUNTIF('RACI Matrix'!I5:I46,"A") -> 0 | D11: =COUNTIF('RACI Matrix'!I5:I46,"R") -> 8 | E11: =COUNTIF('RACI Matrix'!I5:I46,"C") -> 23 | F11: =COUNTIF('RACI Matrix'!I5:I46,"I") -> 11 | G11: =SUM(C11:F11) -> 42 | H11: Responsible for delivery of fixes and access changes. Never accountable, so accountability for IT delivery sits with the CISO.
B12: Internal Auditor | C12: =COUNTIF('RACI Matrix'!J5:J46,"A") -> 4 | D12: =COUNTIF('RACI Matrix'!J5:J46,"R") -> 0 | E12: =COUNTIF('RACI Matrix'!J5:J46,"C") -> 2 | F12: =COUNTIF('RACI Matrix'!J5:J46,"I") -> 36 | G12: =SUM(C12:F12) -> 42 | H12: Accountable only for audit activities, which keeps assurance independent.
B13: Data Protection Officer | C13: =COUNTIF('RACI Matrix'!K5:K46,"A") -> 4 | D13: =COUNTIF('RACI Matrix'!K5:K46,"R") -> 0 | E13: =COUNTIF('RACI Matrix'!K5:K46,"C") -> 28 | F13: =COUNTIF('RACI Matrix'!K5:K46,"I") -> 10 | G13: =SUM(C13:F13) -> 42 | H13: Accountable for privacy activities. Independent of security delivery.
B14: Business Unit Lead | C14: =COUNTIF('RACI Matrix'!L5:L46,"A") -> 0 | D14: =COUNTIF('RACI Matrix'!L5:L46,"R") -> 3 | E14: =COUNTIF('RACI Matrix'!L5:L46,"C") -> 21 | F14: =COUNTIF('RACI Matrix'!L5:L46,"I") -> 18 | G14: =SUM(C14:F14) -> 42 | H14: Responsible for risk owners' actions, data classification and remediation. Accountable for none, which is a gap (see below).
B15: System Administrator | C15: =COUNTIF('RACI Matrix'!M5:M46,"A") -> 0 | D15: =COUNTIF('RACI Matrix'!M5:M46,"R") -> 9 | E15: =COUNTIF('RACI Matrix'!M5:M46,"C") -> 3 | F15: =COUNTIF('RACI Matrix'!M5:M46,"I") -> 30 | G15: =SUM(C15:F15) -> 42 | H15: Executes technical tasks. Responsible, never accountable.
B16: Total | C16: =SUM(C6:C15) -> 42 | D16: =SUM(D6:D15) -> 67 | E16: =SUM(E6:E15) -> 164 | F16: =SUM(F6:F15) -> 147 | G16: =SUM(G6:G15) -> 420
B17: Check: total A should equal 42 | C17: =IF(C16=42,"OK","CHECK") -> OK
B20: Gaps and overlaps found
B21: # | C21: Finding | D21: Type | E21: Why it matters | F21: Suggested action
B22: 1 | C22: Template has no column for Executive Leadership, the Board or a Risk Committee, so risk acceptance and policy approval cannot be assigned to the people with real authority. | D22: Gap | E22: The CISO shows as A for approvals that, in practice, are taken above the CISO. This is the likely source of the escalation delays the CISO describes. | F22: Add an Executive Leadership / Risk Committee column, and move A for risk acceptance and policy approval to it.
B23: 2 | C23: The brief lists HR, Finance, Vendor Management, Product Teams, External Auditors and a Risk Committee. The template has no columns for them. | D23: Gap | E23: HR owns joiner/leaver and training records. Finance owns budget. Vendor Management owns contracts. Product Teams (NexusHealth Pro, NexusFinance Shield, PayStream) own most remediation. | F23: Add these roles, or map them: Business Unit Lead stands in for Product Teams and Department Heads in this version.
B24: 3 | C24: The template has no activities for patch deployment, access termination, business continuity, DR testing or crisis communication, which the brief names. | D24: Gap | E24: These are exactly the areas where audit gaps and delays are likely, and none has an owner. | F24: Add the missing activities in a second pass and assign them with the same rules.
B25: 4 | C25: Business Unit Lead is responsible for several items but accountable for none. | D25: Gap | E25: Business owners should own risk acceptance and remediation of risks in their products. Without an A, the CISO carries risks the business should own. | F25: Give Business Unit Leads A for accepting risks within their delegated authority.
B26: 5 | C26: GRC Analyst has the highest number of R assignments. | D26: Overlap / load | E26: One analyst role cannot sustain this across risk, compliance, policy, audit support and privacy. It becomes a bottleneck. | F26: Spread R to the Compliance Officer and Risk Manager, or add analyst capacity.
B27: 6 | C27: Several rows have two or more R assignments (for example incident activation and tooling). | D27: Overlap | E27: Shared R is fine when tasks are split, but it can blur who finishes the work. | F27: Name a lead R in the procedure for each shared row.
B28: 7 | C28: GRC Analyst is R on audit rows, while Internal Auditor is A. The template checklist asks for this. | D28: Independence risk | E28: Audit conclusions must stay independent. GRC support is limited to scheduling, evidence preparation and compilation, not testing judgments. | F28: State this limit in the audit procedure, and review it annually.

Sheet Justification
B2: Justification of Five Critical RACI Decisions
B3: Context: NexusGuard has 450 employees in Dubai, Riyadh, Abu Dhabi and Cairo, and three products: NexusHealth Pro (HIPAA), NexusFinance Shield (PCI DSS) and PayStream Analytics. The CISO reports that unclear responsibility causes audit gaps and escalation delays.
B5: # | C5: Activity (row) | D5: Decision | E5: Alternatives considered | F5: Rationale | G5: Risk if wrong, and safeguard
B6: 1 | C6: #2 Approve information security policies | D6: CISO is Accountable. GRC Analyst is Responsible for the approval workflow and records. IT Security, Risk, Compliance, IT Operations, DPO and Business Unit Lead are Consulted. Internal Auditor and System Administrator are Informed. | E6: Compliance Officer as A (it owns document control). Business Unit Lead as A. | F6: A policy needs one owner who answers for its content and for whether it works. The CISO owns the security program and its risk, so approval authority sits there. Compliance and the DPO are Consulted, not Accountable, so that legal advice informs the policy without deciding its security content. The Internal Auditor is only Informed to keep audit independence. | G6: Risk: policies that need Board-level sign-off are treated as the CISO's alone. Safeguard: add an Executive Leadership column (see Gap and Overlap Analysis, finding 1), so Tier-1 policies are approved there and the CISO stays accountable for the content.
B7: 2 | C7: #23 Classify and escalate security incidents | D7: IT Security Manager is Accountable. IT Operations Manager and System Administrator are Responsible. The CISO, Compliance Officer and DPO are Consulted. | E7: CISO as A (as for activating the response team, row 22). Compliance Officer as A. | F7: Classification and escalation must happen in minutes. The IT Security Manager runs triage and has the facts, so decision rights belong there. Making the CISO Accountable for every classification creates the delay the CISO has seen. The CISO and DPO are Consulted so that serious incidents, and those involving regulated data such as PHI and card data, reach them early for notification decisions. | G7: Risk: an under-rated incident is not escalated. Safeguard: written severity criteria, a rule that any Severity 1 or 2 incident goes to the CISO immediately, and a post-incident check of classifications.
B8: 3 | C8: #31, #32, #33 and #35 Internal audit planning, testing, findings and reporting | D8: Internal Auditor is Accountable for these four audit activities. GRC Analyst is Responsible for scheduling, evidence preparation and compilation. The CISO and business roles are only Consulted or Informed. Follow-up on remediation (row 34) is treated separately, in decision 5. | E8: CISO or Compliance Officer as A. Internal Auditor as R with no A. | F8: Internal audit must be independent of the functions it audits. If the CISO or Compliance Officer were Accountable, audit conclusions could be influenced by the people being audited. The template has no audit committee column, and each row needs a Responsible role, so the GRC Analyst handles support work while the Internal Auditor keeps ownership of conclusions. | G8: Risk: GRC support drifts into audit judgments. Safeguard: the audit procedure limits GRC to coordination and evidence handling, and findings are signed only by the Internal Auditor.
B9: 4 | C9: #36 to #39 Privacy activities (DPIA, data classification, DSAR, cross-border transfers) | D9: Data Protection Officer is Accountable. The GRC Analyst is Responsible for assessments and records. Business Unit Lead, IT Operations Manager and System Administrator are Responsible where data and systems are involved. The CISO is Responsible for classification and Consulted on the rest. | E9: CISO as A for classification and transfers. Compliance Officer as A for transfers. | F9: The DPO has a legal duty to be independent and to advise on data protection. Accountability for DPIAs, subject requests and transfer decisions aligns with that role. NexusGuard operates in several countries (UAE, Saudi Arabia, Egypt) and handles PHI and cardholder data, so transfer and request decisions need one clear owner. Classification covers personal data first, and the CISO is Responsible for the security controls that follow. | G9: Risk: the DPO is asked to decide business uses, which compromises independence. Safeguard: the business owns the purpose of processing, and the DPO's accountability is for the privacy assessment and for the request and transfer process.
B10: 5 | C10: #34 Track remediation of audit findings | D10: CISO is Accountable. IT Security Manager, GRC Analyst, IT Operations Manager and Business Unit Lead are Responsible. The Internal Auditor is Consulted to verify closure. | E10: Internal Auditor as A. Compliance Officer as A. | F10: Management, not audit, owns the fix. If the Internal Auditor were Accountable for remediation, it would be marking its own homework and lose independence. The CISO answers for security remediation, the GRC Analyst keeps the tracker, and the owners of the systems do the work. The Internal Auditor verifies closure. | G10: Risk: remediation owners in the business do not act. Safeguard: Business Unit Lead is Responsible with due dates, overdue items go to the Risk Committee, and the Internal Auditor re-tests closed findings.
